model,general,male,female,under18,18-24,25-34,35-44,45-49,50-55,over56,diferencia_genero
Pop,0.0467,0.0471,0.0448,0.0439,0.0490,0.0467,0.0471,0.0420,0.0640,0.0375,0.0023
BPR,0.0152,0.0166,0.0148,0.0191,0.0147,0.0141,0.0153,0.0119,0.0160,0.0138,0.0018
NGCF,0.0354,0.0308,0.0345,0.0336,0.0314,0.0349,0.0344,0.0346,0.0326,0.0301,-0.0037
NGCF-Var@0.1,0.0397,0.0357,0.0331,0.0353,0.0363,0.0358,0.0369,0.0390,0.0344,0.0274,0.0026
NGCF-Var@10,0.03831,0.00245,0.04049,0.04248,0.03938,0.03767,0.03993,0.03924,0.04034,0.04071,
NGCF-Var@50,0.03833,0.03718,0.03915,0.04532,0.03102,0.04451,0.03735,0.04116,0.03254,0.03157,
NGCF-Var@100,0.04261,0.03033,0.03538,0.03898,0.02988,0.03209,0.03568,0.03346,0.03134,0.02219,