model,general,male,female,under18,18-24,25-34,35-44,45-49,50-55,over56
Pop,6.69E-05,0.0000647,0.0000751,4.80E-05,5.37E-05,6.95E-05,5.65E-05,7.57E-05,7.00E-05,5.95E-05
BPR,0.00238187951023736,0.00197825484318081,0.00197825484318081,0.000904203840332664,0.00128031460347521,0.00200953828313855,0.00122514108434012,0.00163136783004355,0.00117798099966276,0.001013047067268
NGCF,,0.00197825484318081,0.00197825484318081,,,,,,,
NGCF-Var,,0.00197825484318081,0.00197825484318081,,,,,,,
